{"cameraMode":{"drawMode":0,"name":"Shaded","section":"Shading Mode"},"sceneLighting":true,"audioPlay":false,"sceneViewState":{"m_AlwaysRefresh":true,"showFog":true,"showSkybox":true,"showFlares":true,"showImageEffects":true,"showParticleSystems":true,"showVisualEffectGraphs":true,"m_FxEnabled":true},"in2DMode":false,"pivot":{"x":13.928200721740723,"y":-13.202983856201172,"z":11.18068790435791},"rotation":{"x":0.35291916131973269,"y":0.09005209803581238,"z":-0.032283611595630649,"w":0.9278257489204407},"size":20.137943267822267,"orthographic":false}