{"cameraMode":{"drawMode":0,"name":"Shaded","section":"Shading Mode"},"sceneLighting":true,"audioPlay":false,"sceneViewState":{"m_AlwaysRefresh":true,"showFog":true,"showSkybox":true,"showFlares":true,"showImageEffects":true,"showParticleSystems":true,"showVisualEffectGraphs":true,"m_FxEnabled":true},"in2DMode":false,"pivot":{"x":11.285045623779297,"y":-1.6391267776489258,"z":-4.733402729034424},"rotation":{"x":0.41798245906829836,"y":0.2613217234611511,"z":-0.12661176919937135,"w":0.8576143383979797},"size":4.281776428222656,"orthographic":false}