{"cameraMode":{"drawMode":0,"name":"Shaded","section":"Shading Mode"},"sceneLighting":true,"audioPlay":false,"sceneViewState":{"m_AlwaysRefresh":true,"showFog":true,"showSkybox":true,"showFlares":true,"showImageEffects":true,"showParticleSystems":true,"showVisualEffectGraphs":true,"m_FxEnabled":true},"in2DMode":false,"pivot":{"x":24.076772689819337,"y":-4.961836814880371,"z":-0.8087000846862793},"rotation":{"x":0.4392523765563965,"y":0.34726348519325259,"z":-0.17188510298728944,"w":0.8077326416969299},"size":9.675849914550782,"orthographic":false}