{"cameraMode":{"drawMode":0,"name":"Shaded","section":"Shading Mode"},"sceneLighting":true,"audioPlay":false,"sceneViewState":{"m_AlwaysRefresh":true,"showFog":true,"showSkybox":true,"showFlares":true,"showImageEffects":true,"showParticleSystems":true,"showVisualEffectGraphs":true,"m_FxEnabled":true},"in2DMode":false,"pivot":{"x":12.21025276184082,"y":2.040687084197998,"z":-4.193728446960449},"rotation":{"x":-0.4720713496208191,"y":0.018536381423473359,"z":0.004457069560885429,"w":-0.8780291080474854},"size":4.233031749725342,"orthographic":false}