{"cameraMode":{"drawMode":0,"name":"Shaded","section":"Shading Mode"},"sceneLighting":true,"audioPlay":false,"sceneViewState":{"m_AlwaysRefresh":true,"showFog":true,"showSkybox":true,"showFlares":true,"showImageEffects":true,"showParticleSystems":true,"showVisualEffectGraphs":true,"m_FxEnabled":true},"in2DMode":false,"pivot":{"x":10.921462059020996,"y":-1.0854344367980958,"z":-5.432845115661621},"rotation":{"x":0.4883560240268707,"y":0.0009119671885855496,"z":-0.0014571544015780092,"w":0.8693764209747315},"size":2.627528190612793,"orthographic":false}